{
  "model_config": {
    "model_name": "microsoft/codebert-base",
    "hidden_size": 768,
    "dropout": 0.1
  },
  "test_metrics": {
    "loss": 0.15310358090005863,
    "accuracy": 0.9602,
    "precision": 0.8193891102257637,
    "recall": 0.9073529411764706,
    "f1": 0.8611304954640614,
    "auc": 0.9684786900871458
  },
  "max_length": 256,
  "opset_version": 14,
  "input_names": [
    "input_ids1",
    "attention_mask1",
    "input_ids2",
    "attention_mask2"
  ],
  "output_names": [
    "logits"
  ]
}